moved_from,moved_to
D:/BitComet Download/视频/新建文件夹\Series.S01E001.mkv,D:/BitComet Download/视频/新建文件夹\test.S02E001.mkv
D:/BitComet Download/视频/新建文件夹\Series.S01E002.mkv,D:/BitComet Download/视频/新建文件夹\test.S02E002.mkv
D:/BitComet Download/视频/新建文件夹\Series.S01E003.mkv,D:/BitComet Download/视频/新建文件夹\test.S02E003.mkv
D:/BitComet Download/视频/新建文件夹\Series.S01E004.mkv,D:/BitComet Download/视频/新建文件夹\test.S02E004.mkv
D:/BitComet Download/视频/新建文件夹\Series.S01E005.mkv,D:/BitComet Download/视频/新建文件夹\test.S02E005.mkv
D:/BitComet Download/视频/新建文件夹\Series.S01E006.mkv,D:/BitComet Download/视频/新建文件夹\test.S02E006.mkv
D:/BitComet Download/视频/新建文件夹\Series.S01E007.mkv,D:/BitComet Download/视频/新建文件夹\test.S02E007.mkv
D:/BitComet Download/视频/新建文件夹\Series.S01E008.mkv,D:/BitComet Download/视频/新建文件夹\test.S02E008.mkv
D:/BitComet Download/视频/新建文件夹\Series.S01E009.mkv,D:/BitComet Download/视频/新建文件夹\test.S02E009.mkv
D:/BitComet Download/视频/新建文件夹\Series.S01E010.mkv,D:/BitComet Download/视频/新建文件夹\test.S02E010.mkv
D:/BitComet Download/视频/新建文件夹\Series.S01E011.mkv,D:/BitComet Download/视频/新建文件夹\test.S02E011.mkv
D:/BitComet Download/视频/新建文件夹\Series.S01E012.mkv,D:/BitComet Download/视频/新建文件夹\test.S02E012.mkv
D:/BitComet Download/视频/新建文件夹\Series.S01E013.mkv,D:/BitComet Download/视频/新建文件夹\test.S02E013.mkv
D:/BitComet Download/视频/新建文件夹\Series.S01E014.mkv,D:/BitComet Download/视频/新建文件夹\test.S02E014.mkv
D:/BitComet Download/视频/新建文件夹\Series.S01E015.mkv,D:/BitComet Download/视频/新建文件夹\test.S02E015.mkv
D:/BitComet Download/视频/新建文件夹\Series.S01E016.mkv,D:/BitComet Download/视频/新建文件夹\test.S02E016.mkv
D:/BitComet Download/视频/新建文件夹\Series.S01E017.mkv,D:/BitComet Download/视频/新建文件夹\test.S02E017.mkv
D:/BitComet Download/视频/新建文件夹\Series.S01E018.mkv,D:/BitComet Download/视频/新建文件夹\test.S02E018.mkv
D:/BitComet Download/视频/新建文件夹\Series.S01E019.mkv,D:/BitComet Download/视频/新建文件夹\test.S02E019.mkv
D:/BitComet Download/视频/新建文件夹\Series.S01E020.mkv,D:/BitComet Download/视频/新建文件夹\test.S02E020.mkv
D:/BitComet Download/视频/新建文件夹\Series.S01E021.mkv,D:/BitComet Download/视频/新建文件夹\test.S02E021.mkv
D:/BitComet Download/视频/新建文件夹\Series.S01E022.mkv,D:/BitComet Download/视频/新建文件夹\test.S02E022.mkv
D:/BitComet Download/视频/新建文件夹\Series.S01E023.mkv,D:/BitComet Download/视频/新建文件夹\test.S02E023.mkv
D:/BitComet Download/视频/新建文件夹\Series.S01E024.mkv,D:/BitComet Download/视频/新建文件夹\test.S02E024.mkv
D:/BitComet Download/视频/新建文件夹\Series.S01E025.mkv,D:/BitComet Download/视频/新建文件夹\test.S02E025.mkv
D:/BitComet Download/视频/新建文件夹\Series.S01E026.mkv,D:/BitComet Download/视频/新建文件夹\test.S02E026.mkv
D:/BitComet Download/视频/新建文件夹\Series.S01E027.mkv,D:/BitComet Download/视频/新建文件夹\test.S02E027.mkv
D:/BitComet Download/视频/新建文件夹\Series.S01E028.mkv,D:/BitComet Download/视频/新建文件夹\test.S02E028.mkv
D:/BitComet Download/视频/新建文件夹\Series.S01E029.mkv,D:/BitComet Download/视频/新建文件夹\test.S02E029.mkv
D:/BitComet Download/视频/新建文件夹\Series.S01E030.mkv,D:/BitComet Download/视频/新建文件夹\test.S02E030.mkv
D:/BitComet Download/视频/新建文件夹\Series.S01E031.mkv,D:/BitComet Download/视频/新建文件夹\test.S02E031.mkv
D:/BitComet Download/视频/新建文件夹\Series.S01E032.mkv,D:/BitComet Download/视频/新建文件夹\test.S02E032.mkv
D:/BitComet Download/视频/新建文件夹\Series.S01E033.mkv,D:/BitComet Download/视频/新建文件夹\test.S02E033.mkv
D:/BitComet Download/视频/新建文件夹\Series.S01E034.mkv,D:/BitComet Download/视频/新建文件夹\test.S02E034.mkv
D:/BitComet Download/视频/新建文件夹\Series.S01E035.mkv,D:/BitComet Download/视频/新建文件夹\test.S02E035.mkv
D:/BitComet Download/视频/新建文件夹\Series.S01E036.mkv,D:/BitComet Download/视频/新建文件夹\test.S02E036.mkv
D:/BitComet Download/视频/新建文件夹\Series.S01E037.mkv,D:/BitComet Download/视频/新建文件夹\test.S02E037.mkv
D:/BitComet Download/视频/新建文件夹\Series.S01E038.mkv,D:/BitComet Download/视频/新建文件夹\test.S02E038.mkv
D:/BitComet Download/视频/新建文件夹\Series.S01E039.mkv,D:/BitComet Download/视频/新建文件夹\test.S02E039.mkv
D:/BitComet Download/视频/新建文件夹\Series.S01E040.mkv,D:/BitComet Download/视频/新建文件夹\test.S02E040.mkv
